onset	duration	trial_type
331846.281250	116.312500	seizure
623522.375000	276.375000	seizure
633849.875000	71.437500	seizure
661190.187500	230.875000	seizure
670284.062500	300.625000	seizure
