onset	duration	trial_type
343576.125000	67.187500	seizure
423350.187500	79.062500	seizure
