onset	duration	trial_type
33657.667969	107.476562	seizure
46792.039062	131.156250	seizure
53108.781250	123.246094	seizure
55437.042969	92.234375	seizure
58164.023438	134.261719	seizure
62516.535156	235.562500	seizure
