onset	duration	trial_type
17112.937500	43.318359	seizure
19361.710938	41.574219	seizure
28680.650391	39.605469	seizure
40040.605469	43.300781	seizure
45356.437500	50.394531	seizure
50412.437500	51.652344	seizure
53887.605469	36.378906	seizure
56768.074219	48.000000	seizure
63462.195312	54.105469	seizure
67271.695312	68.695312	seizure
76010.421875	7.773438	seizure
98208.601562	35.515625	seizure
112727.210938	35.390625	seizure
138378.843750	31.453125	seizure
