onset	duration	trial_type
281812.812500	302.937500	seizure
580431.687500	122.812500	seizure
615189.500000	146.187500	seizure
617461.687500	564.437500	seizure
