onset	duration	trial_type
6181.360352	130.870605	seizure
50193.527344	148.277344	seizure
90875.062500	1854.187500	seizure
95455.734375	399.406250	seizure
97459.945312	1870.429688	seizure
113665.085938	1812.921875	seizure
116116.898438	446.351562	seizure
147960.343750	112.140625	seizure
