onset	duration	trial_type
69373.140625	14.132812	seizure
153333.296875	72.593750	seizure
180789.281250	92.750000	seizure
187520.671875	98.812500	seizure
