onset	duration	trial_type
81521.578125	34.953125	seizure
127819.734375	45.562500	seizure
208827.921875	39.437500	seizure
246712.218750	39.484375	seizure
284102.593750	45.781250	seizure
375510.906250	39.375000	seizure
410021.250000	37.187500	seizure
496370.000000	29.187500	seizure
