onset	duration	trial_type
196795.140625	83.140625	seizure
218281.953125	72.390625	seizure
