onset	duration	trial_type
432362.437500	613.750000	seizure
1029684.375000	589.812500	seizure
