onset	duration	trial_type
132784.453125	135.218750	seizure
539993.125000	96.125000	seizure
