onset	duration	trial_type
407484.312500	167.750000	seizure
455855.156250	175.625000	seizure
501295.031250	92.031250	seizure
