onset	duration	trial_type
188610.000000	199.453125	seizure
190972.093750	5098.312500	seizure
222590.875000	120.406250	seizure
230821.171875	5087.625000	seizure
239061.703125	172.625000	seizure
242443.937500	66.031250	seizure
245036.828125	76.640625	seizure
266520.906250	4587.406250	seizure
273135.093750	163.062500	seizure
275878.750000	696.750000	seizure
297797.375000	57.812500	seizure
304582.500000	84.531250	seizure
