onset	duration	trial_type
66880.562500	33.390625	seizure
117924.875000	34.898438	seizure
143241.328125	32.921875	seizure
160514.843750	32.765625	seizure
242395.000000	29.343750	seizure
405825.875000	39.500000	seizure
414781.093750	37.437500	seizure
417976.031250	126.875000	seizure
