onset	duration	trial_type
261764.890625	36.109375	seizure
555283.125000	89.875000	seizure
601913.562500	59.437500	seizure
