onset	duration	trial_type
177110.890625	123.062500	seizure
420130.812500	185.000000	seizure
427570.906250	179.593750	seizure
