onset	duration	trial_type
548410.500000	61.312500	seizure
559643.937500	123.500000	seizure
