onset	duration	trial_type
90911.390625	101.187500	seizure
103671.835938	67.593750	seizure
124786.312500	69.875000	seizure
150665.953125	94.937500	seizure
155147.468750	88.812500	seizure
157767.812500	106.609375	seizure
