onset	duration	trial_type
293011.687500	106.812500	seizure
534641.375000	125.000000	seizure
572899.625000	125.687500	seizure
597799.062500	133.187500	seizure
614529.062500	133.937500	seizure
622093.437500	126.000000	seizure
631740.937500	183.937500	seizure
636898.500000	188.750000	seizure
642273.437500	194.750000	seizure
