onset	duration	trial_type
301969.000000	60.531250	seizure
321862.968750	68.250000	seizure
332532.968750	61.625000	seizure
337777.468750	68.218750	seizure
