onset	duration	trial_type
272451.343750	112.968750	seizure
290950.562500	156.281250	seizure
295213.593750	50.406250	seizure
