onset	duration	trial_type
577963.875000	133.625000	seizure
1011604.250000	137.625000	seizure
1041588.000000	121.687500	seizure
