onset	duration	trial_type
211578.781250	37.875000	seizure
287221.687500	54.750000	seizure
292341.843750	77.781250	seizure
295469.656250	37.718750	seizure
299721.062500	67.812500	seizure
303450.781250	43.406250	seizure
