onset	duration	trial_type
824604.125000	86.250000	seizure
837451.812500	89.812500	seizure
