onset	duration	trial_type
397738.031250	216.281250	seizure
471914.906250	245.218750	seizure
488714.250000	213.843750	seizure
546543.937500	120.312500	seizure
551141.812500	156.625000	seizure
