onset	duration	trial_type
174114.140625	96.640625	seizure
276296.343750	531.093750	seizure
