onset	duration	trial_type
150812.890625	119.750000	seizure
654436.062500	69.437500	seizure
